timeStamp,elapsed,label,responseCode,responseMessage,threadName,dataType,success,failureMessage,bytes,sentBytes,grpThreads,allThreads,URL,Latency,IdleTime,Connect
1764643771978,931,searchFlight,200,OK,Thread Group 1-3,text,true,,285,289,20,20,http://localhost:6060/flight/search,911,0,37
1764643771978,928,searchFlight,200,OK,Thread Group 1-5,text,true,,285,289,20,20,http://localhost:6060/flight/search,913,0,37
1764643772717,192,searchFlight,200,OK,Thread Group 1-20,text,true,,285,289,20,20,http://localhost:6060/flight/search,170,0,2
1764643772362,544,searchFlight,200,OK,Thread Group 1-13,text,true,,285,289,20,20,http://localhost:6060/flight/search,529,0,2
1764643771978,932,searchFlight,200,OK,Thread Group 1-4,text,true,,285,289,20,20,http://localhost:6060/flight/search,911,0,37
1764643772410,500,searchFlight,200,OK,Thread Group 1-14,text,true,,285,289,20,20,http://localhost:6060/flight/search,479,0,2
1764643772520,386,searchFlight,200,OK,Thread Group 1-16,text,true,,285,289,20,20,http://localhost:6060/flight/search,384,0,3
1764643772081,824,searchFlight,200,OK,Thread Group 1-7,text,true,,285,289,20,20,http://localhost:6060/flight/search,823,0,2
1764643772671,234,searchFlight,200,OK,Thread Group 1-19,text,true,,285,289,20,20,http://localhost:6060/flight/search,226,0,2
1764643772258,648,searchFlight,200,OK,Thread Group 1-11,text,true,,285,289,20,20,http://localhost:6060/flight/search,629,0,1
1764643772309,597,searchFlight,200,OK,Thread Group 1-12,text,true,,285,289,20,20,http://localhost:6060/flight/search,582,0,2
1764643772177,728,searchFlight,200,OK,Thread Group 1-9,text,true,,285,289,20,20,http://localhost:6060/flight/search,727,0,1
1764643772218,691,searchFlight,200,OK,Thread Group 1-10,text,true,,285,289,20,20,http://localhost:6060/flight/search,669,0,2
1764643771978,932,searchFlight,200,OK,Thread Group 1-2,text,true,,285,289,20,20,http://localhost:6060/flight/search,909,0,37
1764643772631,275,searchFlight,200,OK,Thread Group 1-18,text,true,,285,289,20,20,http://localhost:6060/flight/search,262,0,2
1764643772470,437,searchFlight,200,OK,Thread Group 1-15,text,true,,285,289,20,20,http://localhost:6060/flight/search,423,0,1
1764643772571,335,searchFlight,200,OK,Thread Group 1-17,text,true,,285,289,20,20,http://localhost:6060/flight/search,333,0,2
1764643772126,779,searchFlight,200,OK,Thread Group 1-8,text,true,,285,289,20,20,http://localhost:6060/flight/search,778,0,1
1764643771977,929,searchFlight,200,OK,Thread Group 1-1,text,true,,285,289,20,20,http://localhost:6060/flight/search,910,0,38
1764643772011,894,searchFlight,200,OK,Thread Group 1-6,text,true,,285,289,20,20,http://localhost:6060/flight/search,893,0,4
1764643772940,141,getFlightById,200,OK,Thread Group 1-8,text,true,,260,148,20,20,http://localhost:6060/flight/692d9091d708551bd5d85e75,141,0,0
1764643772939,142,getFlightById,200,OK,Thread Group 1-4,text,true,,260,148,20,20,http://localhost:6060/flight/692d9091d708551bd5d85e75,141,0,0
1764643772937,145,getFlightById,200,OK,Thread Group 1-13,text,true,,260,148,20,20,http://localhost:6060/flight/692d9091d708551bd5d85e75,144,0,0
1764643772936,145,getFlightById,200,OK,Thread Group 1-2,text,true,,260,148,20,20,http://localhost:6060/flight/692d9091d708551bd5d85e75,145,0,0
1764643772939,143,getFlightById,200,OK,Thread Group 1-6,text,true,,260,148,20,20,http://localhost:6060/flight/692d9091d708551bd5d85e75,141,0,0
1764643772936,154,getFlightById,200,OK,Thread Group 1-7,text,true,,260,148,20,20,http://localhost:6060/flight/692d9091d708551bd5d85e75,154,0,0
1764643772935,155,getFlightById,200,OK,Thread Group 1-9,text,true,,260,148,20,20,http://localhost:6060/flight/692d9091d708551bd5d85e75,155,0,0
1764643772936,154,getFlightById,200,OK,Thread Group 1-15,text,true,,260,148,20,20,http://localhost:6060/flight/692d9091d708551bd5d85e75,154,0,0
1764643772939,151,getFlightById,200,OK,Thread Group 1-17,text,true,,260,148,20,20,http://localhost:6060/flight/692d9091d708551bd5d85e75,151,0,0
1764643772939,152,getFlightById,200,OK,Thread Group 1-11,text,true,,260,148,20,20,http://localhost:6060/flight/692d9091d708551bd5d85e75,152,0,0
1764643772934,157,getFlightById,200,OK,Thread Group 1-19,text,true,,260,148,20,20,http://localhost:6060/flight/692d9091d708551bd5d85e75,157,0,0
1764643772945,149,getFlightById,200,OK,Thread Group 1-5,text,true,,260,148,20,20,http://localhost:6060/flight/692d9091d708551bd5d85e75,149,0,0
1764643772934,160,getFlightById,200,OK,Thread Group 1-20,text,true,,260,148,20,20,http://localhost:6060/flight/692d9091d708551bd5d85e75,160,0,0
1764643772945,150,getFlightById,200,OK,Thread Group 1-10,text,true,,260,148,20,20,http://localhost:6060/flight/692d9091d708551bd5d85e75,150,0,0
1764643772937,158,getFlightById,200,OK,Thread Group 1-1,text,true,,260,148,20,20,http://localhost:6060/flight/692d9091d708551bd5d85e75,158,0,0
1764643772937,158,getFlightById,200,OK,Thread Group 1-18,text,true,,260,148,20,20,http://localhost:6060/flight/692d9091d708551bd5d85e75,158,0,0
1764643772952,148,getFlightById,200,OK,Thread Group 1-3,text,true,,260,148,20,20,http://localhost:6060/flight/692d9091d708551bd5d85e75,148,0,0
1764643772940,162,getFlightById,200,OK,Thread Group 1-14,text,true,,260,148,20,20,http://localhost:6060/flight/692d9091d708551bd5d85e75,161,0,0
1764643772939,174,getFlightById,200,OK,Thread Group 1-12,text,true,,260,148,20,20,http://localhost:6060/flight/692d9091d708551bd5d85e75,174,0,0
1764643772937,178,getFlightById,200,OK,Thread Group 1-16,text,true,,260,148,20,20,http://localhost:6060/flight/692d9091d708551bd5d85e75,178,0,0
1764643773102,78,getAllFlight,200,OK,Thread Group 1-17,text,true,,1260,127,20,20,http://localhost:6060/flight/all,77,0,0
1764643773110,74,getAllFlight,200,OK,Thread Group 1-3,text,true,,1266,127,20,20,http://localhost:6060/flight/all,74,0,0
1764643773095,90,getAllFlight,200,OK,Thread Group 1-7,text,true,,1260,127,20,20,http://localhost:6060/flight/all,89,0,0
1764643773102,84,getAllFlight,200,OK,Thread Group 1-19,text,true,,1266,127,20,20,http://localhost:6060/flight/all,84,0,0
1764643773119,76,getAllFlight,200,OK,Thread Group 1-16,text,true,,1260,127,20,20,http://localhost:6060/flight/all,76,0,0
1764643773119,76,getAllFlight,200,OK,Thread Group 1-14,text,true,,1266,127,20,20,http://localhost:6060/flight/all,65,0,0
1764643773119,77,getAllFlight,200,OK,Thread Group 1-12,text,true,,1266,127,20,20,http://localhost:6060/flight/all,77,0,0
1764643773102,94,getAllFlight,200,OK,Thread Group 1-18,text,true,,1266,127,20,20,http://localhost:6060/flight/all,94,0,0
1764643773095,103,getAllFlight,200,OK,Thread Group 1-20,text,true,,1260,127,20,20,http://localhost:6060/flight/all,90,0,0
1764643773085,133,getAllFlight,200,OK,Thread Group 1-13,text,true,,1260,127,20,20,http://localhost:6060/flight/all,131,0,0
1764643773102,117,getAllFlight,200,OK,Thread Group 1-15,text,true,,1266,127,20,20,http://localhost:6060/flight/all,113,0,0
1764643773095,126,getAllFlight,200,OK,Thread Group 1-10,text,true,,1260,127,20,20,http://localhost:6060/flight/all,126,0,0
1764643773085,136,getAllFlight,200,OK,Thread Group 1-8,text,true,,1266,127,20,20,http://localhost:6060/flight/all,129,0,0
1764643773094,127,getAllFlight,200,OK,Thread Group 1-5,text,true,,1260,127,20,20,http://localhost:6060/flight/all,119,0,0
1764643773103,118,getAllFlight,200,OK,Thread Group 1-1,text,true,,1260,127,20,20,http://localhost:6060/flight/all,113,0,0
1764643773085,147,getAllFlight,200,OK,Thread Group 1-4,text,true,,1260,127,20,20,http://localhost:6060/flight/all,137,0,0
1764643773089,141,getAllFlight,200,OK,Thread Group 1-2,text,true,,1266,127,20,20,http://localhost:6060/flight/all,132,0,0
1764643773094,136,getAllFlight,200,OK,Thread Group 1-11,text,true,,1260,127,20,20,http://localhost:6060/flight/all,127,0,0
1764643773086,145,getAllFlight,200,OK,Thread Group 1-6,text,true,,1266,127,20,20,http://localhost:6060/flight/all,135,0,0
1764643773094,156,getAllFlight,200,OK,Thread Group 1-9,text,true,,1266,127,20,20,http://localhost:6060/flight/all,141,0,0
1764643773196,161,addFlight,409,Conflict,Thread Group 1-16,text,false,,228,370,20,20,http://localhost:6060/flight/airline/inventory,160,0,0
1764643773222,135,addFlight,409,Conflict,Thread Group 1-8,text,false,,228,370,20,20,http://localhost:6060/flight/airline/inventory,134,0,0
1764643773222,135,addFlight,409,Conflict,Thread Group 1-5,text,false,,228,370,20,20,http://localhost:6060/flight/airline/inventory,135,0,0
1764643773239,118,addFlight,409,Conflict,Thread Group 1-11,text,false,,228,370,20,20,http://localhost:6060/flight/airline/inventory,117,0,0
1764643773235,122,addFlight,409,Conflict,Thread Group 1-4,text,false,,227,370,20,20,http://localhost:6060/flight/airline/inventory,121,0,0
1764643773239,123,addFlight,409,Conflict,Thread Group 1-6,text,false,,228,370,20,20,http://localhost:6060/flight/airline/inventory,123,0,0
1764643773196,168,addFlight,409,Conflict,Thread Group 1-14,text,false,,226,370,20,20,http://localhost:6060/flight/airline/inventory,167,0,0
1764643773199,165,addFlight,409,Conflict,Thread Group 1-20,text,false,,227,370,20,20,http://localhost:6060/flight/airline/inventory,165,0,0
1764643773182,182,addFlight,409,Conflict,Thread Group 1-17,text,false,,228,370,20,20,http://localhost:6060/flight/airline/inventory,182,0,0
1764643773197,165,addFlight,409,Conflict,Thread Group 1-18,text,false,,228,370,20,20,http://localhost:6060/flight/airline/inventory,164,0,0
1764643773222,142,addFlight,409,Conflict,Thread Group 1-1,text,false,,228,370,20,20,http://localhost:6060/flight/airline/inventory,140,0,0
1764643773185,178,addFlight,409,Conflict,Thread Group 1-7,text,false,,228,370,20,20,http://localhost:6060/flight/airline/inventory,177,0,0
1764643773239,127,addFlight,409,Conflict,Thread Group 1-2,text,false,,228,370,20,20,http://localhost:6060/flight/airline/inventory,126,0,0
1764643773186,176,addFlight,409,Conflict,Thread Group 1-3,text,false,,228,370,20,20,http://localhost:6060/flight/airline/inventory,176,0,0
1764643773195,175,addFlight,409,Conflict,Thread Group 1-19,text,false,,228,370,20,20,http://localhost:6060/flight/airline/inventory,172,0,0
1764643773220,152,addFlight,409,Conflict,Thread Group 1-13,text,false,,227,370,20,20,http://localhost:6060/flight/airline/inventory,146,0,0
1764643773221,151,addFlight,409,Conflict,Thread Group 1-10,text,false,,227,370,20,20,http://localhost:6060/flight/airline/inventory,145,0,0
1764643773197,173,addFlight,409,Conflict,Thread Group 1-12,text,false,,228,370,20,20,http://localhost:6060/flight/airline/inventory,173,0,0
1764643773220,142,addFlight,409,Conflict,Thread Group 1-15,text,false,,228,370,20,20,http://localhost:6060/flight/airline/inventory,141,0,0
1764643773251,125,addFlight,409,Conflict,Thread Group 1-9,text,false,,228,370,20,20,http://localhost:6060/flight/airline/inventory,118,0,0
1764643773361,2923,bookTicket,201,Created,Thread Group 1-5,text,true,,277,540,20,20,http://localhost:6060/booking,2902,0,0
1764643773371,2914,bookTicket,201,Created,Thread Group 1-20,text,true,,277,540,20,20,http://localhost:6060/booking,2893,0,0
1764643773374,2910,bookTicket,201,Created,Thread Group 1-15,text,true,,277,540,20,20,http://localhost:6060/booking,2889,0,0
1764643773372,2912,bookTicket,201,Created,Thread Group 1-16,text,true,,277,540,20,20,http://localhost:6060/booking,2891,0,0
1764643773374,2910,bookTicket,201,Created,Thread Group 1-6,text,true,,277,540,20,20,http://localhost:6060/booking,2894,0,0
1764643773374,2924,bookTicket,201,Created,Thread Group 1-12,text,true,,277,540,20,20,http://localhost:6060/booking,2924,0,0
1764643773368,2930,bookTicket,201,Created,Thread Group 1-14,text,true,,277,540,20,20,http://localhost:6060/booking,2895,0,0
1764643773372,2926,bookTicket,201,Created,Thread Group 1-19,text,true,,277,540,20,20,http://localhost:6060/booking,2923,0,0
1764643773369,2929,bookTicket,201,Created,Thread Group 1-3,text,true,,277,540,20,20,http://localhost:6060/booking,2929,0,0
1764643773369,2929,bookTicket,201,Created,Thread Group 1-2,text,true,,277,540,20,20,http://localhost:6060/booking,2929,0,0
1764643773374,2924,bookTicket,201,Created,Thread Group 1-7,text,true,,277,540,20,20,http://localhost:6060/booking,2924,0,0
1764643773361,2937,bookTicket,201,Created,Thread Group 1-8,text,true,,277,540,20,20,http://localhost:6060/booking,2937,0,0
1764643773372,2926,bookTicket,201,Created,Thread Group 1-10,text,true,,277,540,20,20,http://localhost:6060/booking,2891,0,0
1764643773376,2922,bookTicket,201,Created,Thread Group 1-9,text,true,,277,540,20,20,http://localhost:6060/booking,2922,0,0
1764643773373,2925,bookTicket,201,Created,Thread Group 1-17,text,true,,277,540,20,20,http://localhost:6060/booking,2925,0,0
1764643773372,2924,bookTicket,201,Created,Thread Group 1-13,text,true,,277,540,20,20,http://localhost:6060/booking,2891,0,0
1764643773361,2935,bookTicket,201,Created,Thread Group 1-11,text,true,,277,540,20,20,http://localhost:6060/booking,2935,0,0
1764643773368,2953,bookTicket,201,Created,Thread Group 1-18,text,true,,277,540,20,20,http://localhost:6060/booking,2950,0,0
1764643773374,2953,bookTicket,201,Created,Thread Group 1-1,text,true,,277,540,20,20,http://localhost:6060/booking,2929,0,0
1764643773361,2952,bookTicket,201,Created,Thread Group 1-4,text,true,,277,540,20,20,http://localhost:6060/booking,2942,0,0
1764643776336,1446,getTicketByPNR,200,OK,Thread Group 1-18,text,true,,460,141,20,20,http://localhost:6060/booking/ticket/PNR52B387,1206,0,0
1764643776320,1462,getTicketByPNR,200,OK,Thread Group 1-14,text,true,,460,141,20,20,http://localhost:6060/booking/ticket/PNR52B387,1223,0,0
1764643776316,1466,getTicketByPNR,200,OK,Thread Group 1-20,text,true,,460,141,20,20,http://localhost:6060/booking/ticket/PNR52B387,1227,0,0
1764643776316,1468,getTicketByPNR,200,OK,Thread Group 1-7,text,true,,460,141,20,20,http://localhost:6060/booking/ticket/PNR52B387,1227,0,0
1764643776336,1449,getTicketByPNR,200,OK,Thread Group 1-1,text,true,,460,141,20,20,http://localhost:6060/booking/ticket/PNR52B387,1207,0,0
1764643776315,1470,getTicketByPNR,200,OK,Thread Group 1-3,text,true,,460,141,20,20,http://localhost:6060/booking/ticket/PNR52B387,1227,0,0
1764643776315,1470,getTicketByPNR,200,OK,Thread Group 1-12,text,true,,460,141,20,20,http://localhost:6060/booking/ticket/PNR52B387,1228,0,0
1764643776317,1469,getTicketByPNR,200,OK,Thread Group 1-10,text,true,,460,141,20,20,http://localhost:6060/booking/ticket/PNR52B387,1225,0,0
1764643776335,1451,getTicketByPNR,200,OK,Thread Group 1-6,text,true,,460,141,20,20,http://localhost:6060/booking/ticket/PNR52B387,1207,0,0
1764643776336,1456,getTicketByPNR,200,OK,Thread Group 1-19,text,true,,460,141,20,20,http://localhost:6060/booking/ticket/PNR52B387,1447,0,0
1764643776334,1459,getTicketByPNR,200,OK,Thread Group 1-17,text,true,,460,141,20,20,http://localhost:6060/booking/ticket/PNR52B387,1208,0,0
1764643776313,1485,getTicketByPNR,200,OK,Thread Group 1-2,text,true,,460,141,20,20,http://localhost:6060/booking/ticket/PNR52B387,1485,0,0
1764643776334,1468,getTicketByPNR,200,OK,Thread Group 1-11,text,true,,460,141,20,20,http://localhost:6060/booking/ticket/PNR52B387,1467,0,0
1764643776315,1481,getTicketByPNR,200,OK,Thread Group 1-8,text,true,,460,141,20,20,http://localhost:6060/booking/ticket/PNR52B387,1228,0,0
1764643776336,1467,getTicketByPNR,200,OK,Thread Group 1-5,text,true,,460,141,20,20,http://localhost:6060/booking/ticket/PNR52B387,1466,0,0
1764643776335,1471,getTicketByPNR,200,OK,Thread Group 1-4,text,true,,460,141,20,20,http://localhost:6060/booking/ticket/PNR52B387,1470,0,0
1764643776315,1482,getTicketByPNR,200,OK,Thread Group 1-16,text,true,,460,141,20,20,http://localhost:6060/booking/ticket/PNR52B387,1227,0,0
1764643776315,1491,getTicketByPNR,200,OK,Thread Group 1-13,text,true,,460,141,20,20,http://localhost:6060/booking/ticket/PNR52B387,1490,0,0
1764643776339,1486,getTicketByPNR,200,OK,Thread Group 1-9,text,true,,460,141,20,20,http://localhost:6060/booking/ticket/PNR52B387,1474,0,0
1764643776315,1508,getTicketByPNR,200,OK,Thread Group 1-15,text,true,,460,141,20,20,http://localhost:6060/booking/ticket/PNR52B387,1503,0,0
1764643777813,2415,getBookingHistory,200,OK,Thread Group 1-13,text,true,,8167,157,20,20,http://localhost:6060/booking/history/himanshu825406@gmail.com,2407,0,0
1764643777797,2431,getBookingHistory,200,OK,Thread Group 1-7,text,true,,8167,157,20,20,http://localhost:6060/booking/history/himanshu825406@gmail.com,2423,0,0
1764643777849,2383,getBookingHistory,200,OK,Thread Group 1-15,text,true,,8167,157,20,20,http://localhost:6060/booking/history/himanshu825406@gmail.com,2382,0,0
1764643777794,2437,getBookingHistory,200,OK,Thread Group 1-14,text,true,,8167,157,20,20,http://localhost:6060/booking/history/himanshu825406@gmail.com,2436,0,0
1764643777797,2431,getBookingHistory,200,OK,Thread Group 1-12,text,true,,8167,157,20,20,http://localhost:6060/booking/history/himanshu825406@gmail.com,2428,0,0
1764643777820,2409,getBookingHistory,200,OK,Thread Group 1-16,text,true,,8167,157,20,20,http://localhost:6060/booking/history/himanshu825406@gmail.com,2400,0,0
1764643777797,2435,getBookingHistory,200,OK,Thread Group 1-18,text,true,,8167,157,20,20,http://localhost:6060/booking/history/himanshu825406@gmail.com,2428,0,0
1764643777794,2435,getBookingHistory,200,OK,Thread Group 1-10,text,true,,8167,157,20,20,http://localhost:6060/booking/history/himanshu825406@gmail.com,2433,0,0
1764643777794,2435,getBookingHistory,200,OK,Thread Group 1-1,text,true,,8167,157,20,20,http://localhost:6060/booking/history/himanshu825406@gmail.com,2431,0,0
1764643777794,2436,getBookingHistory,200,OK,Thread Group 1-6,text,true,,8167,157,20,20,http://localhost:6060/booking/history/himanshu825406@gmail.com,2436,0,0
1764643777819,2412,getBookingHistory,200,OK,Thread Group 1-2,text,true,,8167,157,20,20,http://localhost:6060/booking/history/himanshu825406@gmail.com,2411,0,0
1764643777845,2383,getBookingHistory,200,OK,Thread Group 1-9,text,true,,8167,157,20,20,http://localhost:6060/booking/history/himanshu825406@gmail.com,2376,0,0
1764643777813,2417,getBookingHistory,200,OK,Thread Group 1-8,text,true,,8167,157,20,20,http://localhost:6060/booking/history/himanshu825406@gmail.com,2417,0,0
1764643777794,2453,getBookingHistory,200,OK,Thread Group 1-3,text,true,,8167,157,20,20,http://localhost:6060/booking/history/himanshu825406@gmail.com,2439,0,0
1764643777804,2443,getBookingHistory,200,OK,Thread Group 1-19,text,true,,8167,157,20,20,http://localhost:6060/booking/history/himanshu825406@gmail.com,2429,0,0
1764643777813,2437,getBookingHistory,200,OK,Thread Group 1-4,text,true,,8167,157,20,20,http://localhost:6060/booking/history/himanshu825406@gmail.com,2435,0,0
1764643777804,2442,getBookingHistory,200,OK,Thread Group 1-20,text,true,,8167,157,20,20,http://localhost:6060/booking/history/himanshu825406@gmail.com,2422,0,0
1764643777812,2435,getBookingHistory,200,OK,Thread Group 1-17,text,true,,8167,157,20,20,http://localhost:6060/booking/history/himanshu825406@gmail.com,2422,0,0
1764643777813,2440,getBookingHistory,200,OK,Thread Group 1-11,text,true,,8167,157,20,20,http://localhost:6060/booking/history/himanshu825406@gmail.com,2435,0,0
1764643777812,2443,getBookingHistory,200,OK,Thread Group 1-5,text,true,,8167,157,20,20,http://localhost:6060/booking/history/himanshu825406@gmail.com,2443,0,0
1764643780255,754,cancelTicket,400,Bad Request,Thread Group 1-5,text,false,,258,227,20,20,http://localhost:6060/booking/cancel/PNR7B9629,743,0,0
1764643780250,762,cancelTicket,400,Bad Request,Thread Group 1-18,text,false,,258,227,20,20,http://localhost:6060/booking/cancel/PNR7B9629,749,0,0
1764643780250,786,cancelTicket,400,Bad Request,Thread Group 1-15,text,false,,258,227,20,20,http://localhost:6060/booking/cancel/PNR7B9629,749,0,0
1764643780250,785,cancelTicket,400,Bad Request,Thread Group 1-7,text,false,,258,227,20,20,http://localhost:6060/booking/cancel/PNR7B9629,763,0,0
1764643780252,793,cancelTicket,400,Bad Request,Thread Group 1-20,text,false,,258,227,20,20,http://localhost:6060/booking/cancel/PNR7B9629,747,0,0
1764643780253,792,cancelTicket,400,Bad Request,Thread Group 1-11,text,false,,258,227,20,20,http://localhost:6060/booking/cancel/PNR7B9629,792,0,0
1764643780253,792,cancelTicket,400,Bad Request,Thread Group 1-6,text,false,,258,227,20,20,http://localhost:6060/booking/cancel/PNR7B9629,792,0,0
1764643780252,793,cancelTicket,400,Bad Request,Thread Group 1-2,text,false,,257,227,20,20,http://localhost:6060/booking/cancel/PNR7B9629,747,0,0
1764643780250,807,cancelTicket,400,Bad Request,Thread Group 1-8,text,false,,258,227,20,20,http://localhost:6060/booking/cancel/PNR7B9629,749,0,0
1764643780250,806,cancelTicket,400,Bad Request,Thread Group 1-12,text,false,,258,227,20,20,http://localhost:6060/booking/cancel/PNR7B9629,748,0,0
1764643780250,812,cancelTicket,400,Bad Request,Thread Group 1-10,text,false,,258,227,18,18,http://localhost:6060/booking/cancel/PNR7B9629,748,0,0
1764643780253,812,cancelTicket,400,Bad Request,Thread Group 1-4,text,false,,258,227,16,16,http://localhost:6060/booking/cancel/PNR7B9629,745,0,0
1764643780250,814,cancelTicket,400,Bad Request,Thread Group 1-16,text,false,,258,227,17,17,http://localhost:6060/booking/cancel/PNR7B9629,748,0,0
1764643780253,809,cancelTicket,400,Bad Request,Thread Group 1-19,text,false,,258,227,18,18,http://localhost:6060/booking/cancel/PNR7B9629,745,0,0
1764643780250,813,cancelTicket,400,Bad Request,Thread Group 1-13,text,false,,258,227,18,18,http://localhost:6060/booking/cancel/PNR7B9629,749,0,0
1764643780252,810,cancelTicket,400,Bad Request,Thread Group 1-3,text,false,,258,227,18,18,http://localhost:6060/booking/cancel/PNR7B9629,747,0,0
1764643780253,810,cancelTicket,400,Bad Request,Thread Group 1-17,text,false,,258,227,18,18,http://localhost:6060/booking/cancel/PNR7B9629,746,0,0
1764643780250,813,cancelTicket,400,Bad Request,Thread Group 1-14,text,false,,258,227,18,18,http://localhost:6060/booking/cancel/PNR7B9629,748,0,0
1764643780250,812,cancelTicket,400,Bad Request,Thread Group 1-9,text,false,,258,227,18,18,http://localhost:6060/booking/cancel/PNR7B9629,763,0,0
1764643780253,831,cancelTicket,400,Bad Request,Thread Group 1-1,text,false,,258,227,1,1,http://localhost:6060/booking/cancel/PNR7B9629,831,0,0
